{"cameraMode":{"drawMode":0,"name":"Shaded","section":"Shading Mode"},"sceneLighting":true,"audioPlay":false,"sceneViewState":{"m_AlwaysRefresh":false,"showFog":true,"showSkybox":true,"showFlares":true,"showImageEffects":true,"showParticleSystems":true,"showVisualEffectGraphs":true,"m_FxEnabled":true},"in2DMode":false,"pivot":{"x":4.130971431732178,"y":3.265611171722412,"z":-0.2013692855834961},"rotation":{"x":0.22129163146018983,"y":-0.05496608838438988,"z":0.012493696063756943,"w":0.9735773801803589},"size":5.8870391845703129,"orthographic":false}